last_name, first_name,player_id,name_abbrev,team_id,position_name,age,bat_side,seconds_since_hit_000,seconds_since_hit_005,seconds_since_hit_010,seconds_since_hit_015,seconds_since_hit_020,seconds_since_hit_025,seconds_since_hit_030,seconds_since_hit_035,seconds_since_hit_040,seconds_since_hit_045,seconds_since_hit_050,seconds_since_hit_055,seconds_since_hit_060,seconds_since_hit_065,seconds_since_hit_070,seconds_since_hit_075,seconds_since_hit_080,seconds_since_hit_085,seconds_since_hit_090
Abreu, Jose,547989,CWS,145,1B,33,R,0,0.58,0.93,1.2,1.45,1.68,1.9,2.11,2.32,2.51,2.71,2.9,3.08,3.27,3.45,3.63,3.82,4,4.21
Adames, Willy,642715,TB,139,SS,25,R,0,0.56,0.89,1.15,1.39,1.61,1.83,2.02,2.22,2.41,2.59,2.77,2.95,3.13,3.3,3.47,3.65,3.82,4.01
Adell, Jo,666176,LAA,108,RF,21,R,0,0.55,0.85,1.1,1.33,1.55,1.75,1.94,2.13,2.31,2.49,2.66,2.83,3,3.17,3.33,3.5,3.66,3.82
Aguilar, Jesus,542583,MIA,146,1B,30,R,0,0.58,0.94,1.23,1.5,1.75,1.98,2.21,2.42,2.63,2.83,3.03,3.24,3.44,3.63,3.82,4.02,4.22,4.43
Ahmed, Nick,605113,ARI,109,SS,30,R,0,0.57,0.9,1.17,1.41,1.63,1.84,2.05,2.24,2.43,2.62,2.8,2.98,3.15,3.33,3.5,3.68,3.85,4.03
Akiyama, Shogo,673451,CIN,113,LF,32,L,0,0.56,0.88,1.15,1.39,1.61,1.82,2.02,2.22,2.41,2.6,2.78,2.96,3.14,3.32,3.49,3.67,3.85,4.05
Alberto, Hanser,593643,BAL,110,2B,28,R,0,0.59,0.92,1.19,1.43,1.66,1.88,2.08,2.28,2.48,2.67,2.85,3.04,3.22,3.4,3.58,3.76,3.94,4.12
Alfaro, Jorge,595751,MIA,146,C,27,R,0,0.57,0.89,1.15,1.4,1.62,1.84,2.04,2.23,2.41,2.6,2.78,2.96,3.14,3.31,3.48,3.66,3.83,4.03
Alonso, Pete,624413,NYM,121,1B,26,R,0,0.57,0.91,1.18,1.44,1.67,1.89,2.1,2.31,2.51,2.71,2.9,3.09,3.28,3.47,3.65,3.84,4.03,4.23
Altuve, Jose,514888,HOU,117,2B,30,R,0,0.55,0.85,1.11,1.34,1.56,1.76,1.95,2.13,2.31,2.48,2.65,2.82,2.99,3.15,3.32,3.49,3.65,3.83
Anderson, Brian,605119,MIA,146,3B,27,R,0,0.58,0.9,1.18,1.43,1.67,1.89,2.1,2.3,2.5,2.7,2.89,3.08,3.27,3.45,3.64,3.83,4.02,4.22
Anderson, Tim,641313,CWS,145,SS,27,R,0,0.55,0.86,1.12,1.35,1.56,1.76,1.95,2.14,2.32,2.5,2.67,2.84,3.01,3.17,3.34,3.51,3.68,3.87
Andrus, Elvis,462101,TEX,140,SS,32,R,0,0.56,0.89,1.16,1.41,1.65,1.86,2.07,2.27,2.47,2.66,2.85,3.04,3.22,3.41,3.59,3.77,3.96,4.15
Andujar, Miguel,609280,NYY,147,DH,25,R,0,0.57,0.9,1.18,1.43,1.65,1.86,2.06,2.26,2.46,2.65,2.84,3.03,3.21,3.39,3.57,3.75,3.94,4.12
Arcia, Orlando,606115,MIL,158,SS,26,R,0,0.58,0.92,1.2,1.46,1.69,1.91,2.12,2.33,2.53,2.73,2.92,3.11,3.3,3.49,3.67,3.86,4.06,4.28
Arenado, Nolan,571448,COL,115,3B,29,R,0,0.57,0.93,1.22,1.49,1.73,1.96,2.18,2.39,2.59,2.8,3,3.2,3.4,3.59,3.79,3.98,4.19,4.39
Arozarena, Randy,668227,TB,139,LF,25,R,0,0.57,0.89,1.16,1.4,1.62,1.82,2.02,2.21,2.39,2.57,2.75,2.92,3.09,3.26,3.43,3.6,3.78,3.95
Arraez, Luis,650333,MIN,142,2B,23,L,0,0.56,0.88,1.15,1.39,1.61,1.83,2.03,2.23,2.43,2.62,2.81,3,3.18,3.36,3.55,3.73,3.92,4.13
Arroyo, Christian,624414,BOS,111,2B,25,R,0,0.54,0.87,1.14,1.39,1.62,1.83,2.03,2.24,2.43,2.62,2.81,2.99,3.18,3.35,3.54,3.73,3.92,4.12
Bader, Harrison,664056,STL,138,CF,26,R,0,0.56,0.88,1.14,1.37,1.59,1.8,1.99,2.17,2.35,2.53,2.7,2.87,3.04,3.21,3.38,3.54,3.71,3.87
Baez, Javier,595879,CHC,112,SS,28,R,0,0.57,0.89,1.16,1.4,1.62,1.84,2.04,2.24,2.42,2.61,2.79,2.97,3.14,3.32,3.5,3.68,3.85,4.05
Barnes, Austin,605131,LAD,119,C,31,R,0,0.55,0.88,1.15,1.4,1.64,1.86,2.07,2.27,2.46,2.65,2.84,3.03,3.22,3.4,3.59,3.77,3.96,4.16
Barnhart, Tucker,571466,CIN,113,C,29,L,0,0.57,0.92,1.21,1.47,1.71,1.93,2.15,2.37,2.59,2.79,3,3.2,3.39,3.59,3.79,3.98,4.19,4.4
Bart, Joey,663698,SF,137,C,24,R,0,0.55,0.88,1.16,1.41,1.65,1.87,2.08,2.28,2.47,2.67,2.86,3.04,3.23,3.41,3.59,3.76,3.95,4.14
Bell, Josh,605137,PIT,134,1B,28,L,0,0.57,0.91,1.19,1.45,1.69,1.91,2.13,2.33,2.54,2.73,2.92,3.12,3.3,3.49,3.67,3.86,4.06,4.28
Bellinger, Cody,641355,LAD,119,CF,25,L,0,0.55,0.86,1.12,1.36,1.57,1.77,1.96,2.15,2.33,2.51,2.69,2.87,3.04,3.21,3.38,3.55,3.72,3.91
Belt, Brandon,474832,SF,137,1B,32,L,0,0.57,0.9,1.18,1.43,1.67,1.89,2.11,2.31,2.52,2.72,2.91,3.1,3.29,3.49,3.68,3.87,4.06,4.28
Bemboom, Anthony,621532,LAA,108,C,30,L,0,0.56,0.9,1.18,1.43,1.66,1.88,2.09,2.3,2.5,2.69,2.88,3.07,3.26,3.45,3.63,3.82,4.01,4.22
Berti, Jon,542932,MIA,146,2B,30,R,0,0.55,0.86,1.12,1.34,1.56,1.76,1.95,2.14,2.32,2.5,2.68,2.85,3.02,3.18,3.35,3.52,3.68,3.85
Betts, Mookie,605141,LAD,119,RF,28,R,0,0.55,0.88,1.14,1.38,1.6,1.8,2,2.2,2.38,2.56,2.74,2.92,3.09,3.26,3.43,3.59,3.76,3.94
Bichette, Bo,666182,TOR,141,SS,22,R,0,0.55,0.88,1.15,1.39,1.62,1.83,2.03,2.23,2.42,2.61,2.79,2.97,3.15,3.33,3.51,3.69,3.87,4.05
Biggio, Cavan,624415,TOR,141,2B,25,L,0,0.55,0.87,1.13,1.37,1.59,1.8,2,2.19,2.38,2.57,2.75,2.93,3.1,3.27,3.45,3.62,3.8,4
Blackmon, Charlie,453568,COL,115,RF,34,L,0,0.56,0.88,1.15,1.39,1.61,1.83,2.03,2.23,2.42,2.61,2.79,2.97,3.15,3.33,3.51,3.69,3.87,4.06
Bogaerts, Xander,593428,BOS,111,SS,28,R,0,0.58,0.9,1.16,1.4,1.62,1.83,2.03,2.22,2.41,2.6,2.78,2.95,3.13,3.3,3.47,3.64,3.81,3.99
Bohm, Alec,664761,PHI,143,3B,24,R,0,0.57,0.9,1.18,1.43,1.65,1.87,2.08,2.28,2.47,2.66,2.85,3.03,3.22,3.39,3.57,3.75,3.93,4.12
Bonifacio, Jorge,593528,DET,116,LF,27,R,0,0.55,0.87,1.14,1.38,1.61,1.82,2.02,2.21,2.4,2.59,2.77,2.94,3.12,3.29,3.46,3.63,3.81,3.99
Bote, David,623520,CHC,112,3B,27,R,0,0.55,0.87,1.14,1.38,1.61,1.83,2.04,2.24,2.43,2.63,2.82,3,3.18,3.36,3.54,3.72,3.9,4.08
Bradley Jr., Jackie,598265,BOS,111,CF,30,L,0,0.55,0.87,1.13,1.37,1.59,1.8,2.01,2.2,2.39,2.58,2.76,2.95,3.13,3.31,3.49,3.67,3.85,4.05
Brantley, Michael,488726,HOU,117,DH,33,L,0,0.54,0.86,1.13,1.37,1.59,1.81,2.01,2.2,2.4,2.59,2.77,2.96,3.14,3.33,3.51,3.71,3.91,4.16
Braun, Ryan,460075,MIL,158,RF,37,R,0,0.57,0.9,1.17,1.42,1.65,1.87,2.08,2.28,2.47,2.66,2.85,3.04,3.23,3.41,3.59,3.78,3.97,4.15
Bregman, Alex,608324,HOU,117,3B,26,R,0,0.56,0.89,1.16,1.41,1.64,1.86,2.06,2.26,2.46,2.65,2.84,3.03,3.21,3.39,3.58,3.75,3.94,4.13
Brinson, Lewis,621446,MIA,146,RF,26,R,0,0.57,0.9,1.17,1.41,1.63,1.84,2.04,2.23,2.42,2.6,2.79,2.96,3.14,3.31,3.48,3.65,3.83,4
Brosseau, Mike,670712,TB,139,3B,26,R,0,0.56,0.88,1.15,1.39,1.61,1.83,2.03,2.23,2.42,2.61,2.8,2.98,3.16,3.35,3.53,3.71,3.9,4.1
Bryant, Kris,592178,CHC,112,3B,28,R,0,0.57,0.91,1.19,1.44,1.66,1.88,2.09,2.3,2.49,2.68,2.87,3.05,3.23,3.41,3.59,3.77,3.95,4.14
Buxton, Byron,621439,MIN,142,CF,27,R,0,0.56,0.87,1.12,1.35,1.56,1.75,1.94,2.13,2.31,2.48,2.65,2.81,2.98,3.14,3.31,3.47,3.63,3.8
Cabrera, Asdrubal,452678,WSH,120,1B,35,L,0,0.55,0.89,1.18,1.43,1.67,1.9,2.12,2.33,2.54,2.74,2.94,3.14,3.33,3.53,3.73,3.94,4.16,4.37
Calhoun, Kole,594777,ARI,109,RF,33,L,0,0.54,0.86,1.14,1.39,1.61,1.83,2.04,2.25,2.44,2.64,2.83,3.02,3.2,3.39,3.57,3.76,3.95,4.16
Calhoun, Willie,641432,TEX,140,DH,26,L,0,0.58,0.91,1.19,1.45,1.68,1.9,2.11,2.32,2.52,2.72,2.91,3.1,3.3,3.49,3.69,3.89,4.09,4.33
Camargo, Johan,622666,ATL,144,2B,27,L,0,0.54,0.87,1.14,1.37,1.59,1.8,2.01,2.21,2.42,2.62,2.8,2.99,3.18,3.36,3.54,3.74,3.93,4.13
Cameron, Daz,663662,DET,116,RF,23,R,0,0.55,0.87,1.11,1.34,1.56,1.76,1.96,2.16,2.34,2.52,2.7,2.88,3.05,3.22,3.39,3.57,3.74,3.93
Candelario, Jeimer,600869,DET,116,1B,27,L,0,0.54,0.87,1.14,1.38,1.61,1.82,2.04,2.23,2.43,2.62,2.81,2.99,3.17,3.36,3.54,3.72,3.91,4.1
Canha, Mark,592192,OAK,133,DH,31,R,0,0.57,0.9,1.17,1.41,1.64,1.86,2.06,2.25,2.45,2.64,2.82,3.01,3.18,3.36,3.54,3.72,3.89,4.07
Cano, Robinson,429664,NYM,121,2B,38,L,0,0.56,0.9,1.19,1.44,1.68,1.91,2.13,2.33,2.54,2.74,2.94,3.14,3.34,3.53,3.73,3.92,4.12,4.33
Caratini, Victor,605170,CHC,112,C,27,L,0,0.56,0.9,1.19,1.46,1.7,1.93,2.15,2.36,2.57,2.77,2.97,3.17,3.37,3.57,3.79,4.01,4.24,4.5
Carlson, Dylan,666185,STL,138,CF,22,L,0,0.58,0.91,1.17,1.41,1.63,1.84,2.04,2.23,2.42,2.61,2.79,2.98,3.15,3.33,3.5,3.68,3.85,4.05
Carpenter, Matt,572761,STL,138,3B,35,L,0,0.54,0.87,1.16,1.4,1.64,1.86,2.07,2.28,2.48,2.67,2.87,3.06,3.25,3.44,3.63,3.82,4.01,4.23
Castellanos, Nick,592206,CIN,113,RF,28,R,0,0.57,0.91,1.18,1.42,1.65,1.87,2.07,2.27,2.47,2.66,2.85,3.03,3.21,3.39,3.57,3.75,3.92,4.1
Castro, Harold,605612,DET,116,RF,27,L,0,0.59,0.93,1.2,1.45,1.69,1.92,2.13,2.34,2.54,2.74,2.93,3.12,3.32,3.51,3.7,3.91,4.12,4.34
Castro, Willi,650489,DET,116,SS,23,L,0,0.55,0.88,1.14,1.38,1.6,1.81,2.01,2.2,2.39,2.57,2.75,2.93,3.1,3.27,3.45,3.62,3.8,3.96
Cave, Jake,595909,MIN,142,CF,28,L,0,0.53,0.85,1.11,1.35,1.57,1.78,1.99,2.17,2.37,2.55,2.74,2.92,3.1,3.27,3.45,3.63,3.81,4
Chapman, Matt,656305,OAK,133,3B,27,R,0,0.58,0.92,1.19,1.43,1.66,1.87,2.08,2.27,2.46,2.65,2.83,3.01,3.2,3.37,3.55,3.72,3.9,4.07
Chavis, Michael,656308,BOS,111,1B,25,R,0,0.57,0.89,1.15,1.39,1.62,1.83,2.03,2.22,2.41,2.6,2.78,2.96,3.14,3.31,3.49,3.66,3.84,4.03
Chirinos, Robinson,455139,NYM,121,C,36,R,0,0.6,0.95,1.24,1.5,1.75,1.98,2.19,2.41,2.63,2.84,3.06,3.27,3.48,3.68,3.89,4.1,4.35,4.61
Choo, Shin-Soo,425783,TEX,140,LF,38,L,0,0.57,0.9,1.17,1.42,1.65,1.86,2.07,2.27,2.47,2.66,2.85,3.04,3.23,3.41,3.6,3.79,3.98,4.18
Conforto, Michael,624424,NYM,121,RF,27,L,0,0.56,0.89,1.16,1.41,1.64,1.85,2.06,2.26,2.45,2.64,2.83,3.01,3.19,3.37,3.55,3.74,3.92,4.12
Contreras, Willson,575929,CHC,112,C,28,R,0,0.57,0.9,1.16,1.41,1.63,1.85,2.05,2.25,2.44,2.63,2.82,3.01,3.18,3.36,3.54,3.72,3.9,4.09
Cooper, Garrett,643265,MIA,146,DH,30,R,0,0.58,0.92,1.19,1.44,1.68,1.89,2.11,2.31,2.51,2.7,2.89,3.09,3.27,3.46,3.65,3.83,4.02,4.22
Correa, Carlos,621043,HOU,117,SS,26,R,0,0.56,0.89,1.16,1.4,1.63,1.84,2.04,2.24,2.43,2.61,2.8,2.98,3.15,3.33,3.51,3.68,3.87,4.06
Crawford, Brandon,543063,SF,137,SS,33,L,0,0.56,0.89,1.16,1.41,1.64,1.86,2.07,2.28,2.48,2.67,2.87,3.06,3.25,3.44,3.63,3.82,4.01,4.2
Crawford, J.P.,641487,SEA,136,SS,25,L,0,0.57,0.89,1.16,1.41,1.64,1.85,2.06,2.25,2.45,2.64,2.82,3.01,3.19,3.38,3.56,3.75,3.93,4.13
Cronenworth, Jake,630105,SD,135,2B,26,L,0,0.54,0.84,1.1,1.33,1.55,1.75,1.95,2.13,2.32,2.5,2.67,2.84,3.01,3.19,3.36,3.52,3.7,3.88
Cruz, Nelson,443558,MIN,142,DH,40,R,0,0.58,0.92,1.21,1.45,1.69,1.92,2.13,2.34,2.55,2.74,2.94,3.13,3.32,3.52,3.71,3.9,4.1,4.3
Dahl, David,621311,COL,115,CF,26,L,0,0.55,0.86,1.12,1.35,1.57,1.78,1.99,2.18,2.37,2.56,2.74,2.91,3.09,3.27,3.45,3.64,3.83,4.02
Davis, J.D.,605204,NYM,121,3B,27,R,0,0.57,0.89,1.16,1.41,1.64,1.85,2.05,2.25,2.44,2.63,2.81,3,3.18,3.35,3.53,3.7,3.88,4.06
Davis, Khris,501981,OAK,133,DH,33,R,0,0.55,0.87,1.14,1.38,1.62,1.83,2.04,2.24,2.44,2.64,2.83,3.03,3.22,3.41,3.6,3.79,3.99,4.19
DeJong, Paul,657557,STL,138,SS,27,R,0,0.57,0.89,1.16,1.41,1.63,1.85,2.05,2.25,2.44,2.64,2.82,3.01,3.19,3.37,3.55,3.74,3.92,4.14
DeShields, Delino,592261,CLE,114,CF,28,R,0,0.56,0.88,1.14,1.37,1.59,1.79,1.98,2.18,2.37,2.55,2.72,2.9,3.07,3.24,3.41,3.59,3.76,3.95
Devers, Rafael,646240,BOS,111,3B,24,L,0,0.57,0.9,1.18,1.42,1.65,1.86,2.06,2.26,2.45,2.63,2.82,3,3.18,3.36,3.55,3.73,3.94,4.14
Diaz, Aledmys,649557,HOU,117,2B,30,R,0,0.56,0.9,1.17,1.42,1.65,1.87,2.09,2.29,2.48,2.67,2.85,3.04,3.22,3.4,3.59,3.77,3.95,4.14
Diaz, Yandy,650490,TB,139,3B,29,R,0,0.57,0.91,1.2,1.45,1.69,1.91,2.12,2.33,2.53,2.73,2.92,3.12,3.31,3.5,3.68,3.88,4.07,4.27
Dickerson, Alex,543105,SF,137,LF,30,L,0,0.56,0.89,1.16,1.41,1.63,1.84,2.05,2.24,2.43,2.63,2.82,3,3.18,3.36,3.54,3.72,3.9,4.09
Dickerson, Corey,572816,MIA,146,LF,31,L,0,0.57,0.88,1.16,1.4,1.62,1.83,2.04,2.24,2.43,2.62,2.8,2.99,3.17,3.34,3.52,3.7,3.9,4.09
Dietrich, Derek,518618,TEX,140,DH,31,L,0,0.56,0.88,1.16,1.4,1.63,1.85,2.06,2.25,2.45,2.64,2.82,3.01,3.19,3.38,3.56,3.74,3.93,4.14
Donaldson, Josh,518626,MIN,142,3B,35,R,0,0.57,0.9,1.18,1.44,1.69,1.92,2.14,2.35,2.55,2.75,2.94,3.13,3.32,3.51,3.71,3.9,4.11,4.33
Dozier, Hunter,641531,KC,118,1B,29,R,0,0.56,0.89,1.16,1.41,1.63,1.85,2.05,2.25,2.44,2.63,2.81,2.99,3.16,3.34,3.51,3.69,3.87,4.05
Drury, Brandon,592273,TOR,141,3B,28,R,0,0.55,0.9,1.19,1.45,1.69,1.91,2.12,2.33,2.53,2.73,2.92,3.11,3.29,3.48,3.67,3.86,4.04,4.24
Dubon, Mauricio,643289,SF,137,CF,26,R,0,0.55,0.87,1.13,1.36,1.58,1.79,1.99,2.18,2.37,2.55,2.73,2.91,3.09,3.27,3.44,3.62,3.79,3.97
Duvall, Adam,594807,ATL,144,LF,32,R,0,0.56,0.89,1.16,1.4,1.62,1.83,2.03,2.22,2.41,2.59,2.77,2.95,3.12,3.3,3.47,3.64,3.81,3.99
Dyson, Jarrod,502481,CWS,145,CF,36,L,0,0.53,0.83,1.08,1.31,1.52,1.72,1.91,2.09,2.27,2.45,2.62,2.8,2.97,3.15,3.33,3.52,3.72,3.94
Eaton, Adam,594809,WSH,120,RF,32,L,0,0.56,0.89,1.15,1.39,1.61,1.81,2.01,2.2,2.39,2.57,2.75,2.92,3.1,3.27,3.45,3.63,3.81,4
Edman, Tommy,669242,STL,138,3B,25,R,0,0.56,0.88,1.14,1.37,1.59,1.79,1.98,2.17,2.35,2.53,2.71,2.88,3.06,3.23,3.4,3.57,3.73,3.91
Edman, Tommy,669242,STL,138,3B,25,L,0,0.54,0.85,1.11,1.34,1.56,1.76,1.96,2.15,2.33,2.51,2.69,2.86,3.03,3.21,3.38,3.55,3.72,3.89
Encarnacion, Edwin,429665,CWS,145,DH,37,R,0,0.55,0.89,1.17,1.42,1.66,1.88,2.09,2.3,2.5,2.71,2.9,3.09,3.28,3.47,3.65,3.84,4.03,4.22
Engel, Adam,641553,CWS,145,RF,29,R,0,0.53,0.84,1.09,1.31,1.51,1.71,1.9,2.09,2.27,2.44,2.62,2.78,2.95,3.11,3.27,3.44,3.61,3.77
Ervin, Phillip,640447,SEA,136,RF,28,R,0,0.54,0.85,1.12,1.37,1.59,1.81,2.01,2.21,2.4,2.59,2.77,2.95,3.12,3.3,3.48,3.66,3.84,4.03
Escobar, Eduardo,500871,ARI,109,3B,31,L,0,0.55,0.87,1.13,1.37,1.6,1.81,2.01,2.21,2.39,2.58,2.76,2.94,3.11,3.28,3.46,3.63,3.82,4.02
Estrada, Thairo,642731,NYY,147,2B,24,R,0,0.57,0.9,1.17,1.42,1.65,1.86,2.07,2.27,2.46,2.66,2.85,3.04,3.22,3.41,3.6,3.79,3.97,4.17
Fletcher, David,664058,LAA,108,SS,26,R,0,0.55,0.87,1.13,1.37,1.6,1.81,2.01,2.21,2.4,2.58,2.77,2.95,3.13,3.31,3.49,3.67,3.84,4.03
Flores, Wilmer,527038,SF,137,DH,29,R,0,0.57,0.92,1.21,1.47,1.72,1.95,2.17,2.38,2.59,2.79,2.98,3.18,3.38,3.57,3.76,3.96,4.16,4.37
Ford, Mike,645801,NYY,147,1B,28,L,0,0.58,0.93,1.22,1.48,1.72,1.94,2.16,2.37,2.58,2.78,2.99,3.18,3.38,3.58,3.78,3.98,4.19,4.42
France, Ty,664034,SEA,136,DH,26,R,0,0.56,0.91,1.21,1.46,1.7,1.93,2.15,2.37,2.58,2.78,2.98,3.18,3.37,3.57,3.76,3.96,4.16,4.37
Franco, Maikel,596748,KC,118,3B,28,R,0,0.56,0.91,1.2,1.45,1.69,1.92,2.13,2.34,2.54,2.74,2.93,3.13,3.32,3.51,3.69,3.88,4.08,4.28
Frazier, Adam,624428,PIT,134,2B,29,L,0,0.55,0.88,1.15,1.39,1.62,1.84,2.04,2.24,2.43,2.62,2.81,3,3.18,3.36,3.54,3.71,3.9,4.08
Frazier, Clint,640449,NYY,147,RF,26,R,0,0.54,0.86,1.12,1.36,1.58,1.79,2,2.19,2.38,2.57,2.76,2.94,3.12,3.29,3.47,3.65,3.82,4
Frazier, Todd,453943,NYM,121,3B,34,R,0,0.56,0.9,1.19,1.45,1.69,1.92,2.14,2.35,2.56,2.77,2.98,3.18,3.38,3.58,3.79,4,4.23,4.46
Freeman, Freddie,518692,ATL,144,1B,31,L,0,0.56,0.89,1.17,1.42,1.66,1.88,2.08,2.28,2.48,2.67,2.86,3.04,3.22,3.4,3.58,3.77,3.96,4.17
Fuentes, Josh,658069,COL,115,1B,27,R,0,0.59,0.93,1.21,1.45,1.68,1.9,2.1,2.31,2.5,2.69,2.88,3.06,3.24,3.42,3.6,3.78,3.96,4.15
Gallagher, Cam,595956,KC,118,C,28,R,0,0.58,0.93,1.22,1.48,1.72,1.94,2.16,2.37,2.57,2.79,2.99,3.18,3.38,3.58,3.77,3.96,4.16,4.37
Gallo, Joey,608336,TEX,140,RF,27,L,0,0.58,0.91,1.19,1.43,1.67,1.88,2.09,2.29,2.49,2.68,2.87,3.06,3.24,3.42,3.61,3.79,3.97,4.18
Galvis, Freddy,520471,CIN,113,SS,31,L,0,0.58,0.91,1.19,1.44,1.67,1.89,2.11,2.32,2.52,2.71,2.9,3.09,3.28,3.47,3.66,3.84,4.04,4.25
Garcia, Avisail,541645,MIL,158,CF,29,R,0,0.58,0.91,1.19,1.44,1.67,1.89,2.1,2.3,2.5,2.68,2.87,3.05,3.23,3.4,3.57,3.75,3.92,4.11
Garcia, Leury,544725,CWS,145,SS,29,L,0,0.53,0.84,1.1,1.33,1.54,1.74,1.94,2.12,2.31,2.49,2.67,2.85,3.02,3.2,3.37,3.53,3.72,3.93
Garcia, Luis,671277,WSH,120,2B,20,L,0,0.54,0.85,1.11,1.35,1.58,1.79,1.99,2.19,2.38,2.56,2.75,2.93,3.11,3.29,3.48,3.67,3.87,4.08
Gardner, Brett,458731,NYY,147,LF,37,L,0,0.55,0.87,1.13,1.36,1.58,1.78,1.98,2.17,2.36,2.54,2.71,2.89,3.06,3.23,3.4,3.58,3.76,4
Gimenez, Andres,665926,NYM,121,SS,22,L,0,0.55,0.86,1.12,1.35,1.57,1.77,1.97,2.16,2.34,2.52,2.69,2.86,3.03,3.2,3.37,3.54,3.7,3.88
Goldschmidt, Paul,502671,STL,138,1B,33,R,0,0.56,0.89,1.16,1.41,1.64,1.85,2.06,2.27,2.47,2.66,2.85,3.04,3.22,3.41,3.59,3.78,3.97,4.17
Gomes, Yan,543228,WSH,120,C,33,R,0,0.59,0.94,1.23,1.48,1.72,1.95,2.16,2.36,2.56,2.76,2.95,3.14,3.33,3.51,3.7,3.89,4.08,4.28
Gonzalez, Erik,570481,PIT,134,SS,29,R,0,0.58,0.91,1.18,1.42,1.65,1.86,2.07,2.26,2.46,2.65,2.83,3.01,3.19,3.37,3.55,3.72,3.91,4.09
Gonzalez, Marwin,503556,MIN,142,3B,31,L,0,0.56,0.9,1.18,1.43,1.67,1.89,2.12,2.32,2.52,2.72,2.92,3.11,3.3,3.5,3.69,3.9,4.12,4.35
Gordon, Alex,460086,KC,118,LF,36,L,0,0.57,0.9,1.19,1.45,1.69,1.92,2.14,2.35,2.55,2.75,2.95,3.15,3.35,3.54,3.74,3.94,4.16,4.4
Gosselin, Phil,594838,PHI,143,DH,32,R,0,0.58,0.9,1.17,1.4,1.63,1.83,2.03,2.22,2.4,2.58,2.76,2.93,3.1,3.27,3.44,3.6,3.77,3.94
Grandal, Yasmani,518735,CWS,145,C,32,L,0,0.58,0.93,1.23,1.5,1.76,2,2.24,2.46,2.67,2.89,3.09,3.3,3.51,3.72,3.94,4.16,4.39,4.64
Gregorius, Didi,544369,PHI,143,SS,30,L,0,0.55,0.88,1.16,1.41,1.63,1.85,2.06,2.26,2.45,2.64,2.83,3.01,3.19,3.37,3.55,3.73,3.91,4.11
Grichuk, Randal,545341,TOR,141,CF,29,R,0,0.55,0.86,1.13,1.37,1.59,1.8,2,2.2,2.39,2.57,2.75,2.93,3.11,3.29,3.47,3.65,3.83,4.02
Grisham, Trent,663757,SD,135,CF,24,L,0,0.54,0.85,1.1,1.33,1.55,1.75,1.94,2.13,2.31,2.49,2.66,2.83,3,3.16,3.33,3.5,3.67,3.85
Grossman, Robbie,543257,OAK,133,LF,31,L,0,0.55,0.86,1.13,1.36,1.59,1.79,1.99,2.19,2.38,2.56,2.74,2.92,3.1,3.28,3.46,3.64,3.83,4.02
Guerrero Jr., Vladimir,665489,TOR,141,1B,21,R,0,0.56,0.9,1.19,1.43,1.67,1.89,2.11,2.32,2.52,2.71,2.9,3.09,3.28,3.47,3.66,3.84,4.03,4.23
Gurriel Jr., Lourdes,666971,TOR,141,LF,27,R,0,0.56,0.9,1.17,1.42,1.65,1.86,2.07,2.27,2.46,2.65,2.84,3.03,3.21,3.4,3.58,3.77,3.95,4.15
Gurriel, Yuli,493329,HOU,117,1B,36,R,0,0.56,0.89,1.16,1.41,1.64,1.85,2.06,2.26,2.45,2.64,2.83,3.01,3.19,3.37,3.55,3.73,3.91,4.11
Guzman, Ronald,608597,TEX,140,1B,26,L,0,0.56,0.9,1.18,1.43,1.67,1.89,2.1,2.3,2.5,2.69,2.89,3.08,3.27,3.45,3.64,3.83,4.02,4.23
Hampson, Garrett,641658,COL,115,2B,26,R,0,0.55,0.86,1.12,1.35,1.56,1.77,1.96,2.15,2.33,2.51,2.68,2.85,3.02,3.19,3.35,3.52,3.68,3.85
Happ, Ian,664023,CHC,112,CF,26,L,0,0.56,0.87,1.14,1.39,1.61,1.82,2.03,2.22,2.41,2.6,2.78,2.96,3.14,3.33,3.51,3.69,3.87,4.06
Harper, Bryce,547180,PHI,143,RF,28,L,0,0.57,0.89,1.16,1.4,1.62,1.83,2.03,2.22,2.41,2.6,2.78,2.96,3.13,3.31,3.48,3.66,3.85,4.05
Harrison, Josh,543281,WSH,120,2B,33,R,0,0.57,0.9,1.17,1.41,1.64,1.86,2.06,2.26,2.46,2.65,2.83,3.02,3.2,3.38,3.56,3.74,3.93,4.12
Harrison, Monte,656509,MIA,146,CF,25,R,0,0.56,0.86,1.11,1.34,1.55,1.75,1.94,2.12,2.31,2.48,2.66,2.83,3,3.17,3.34,3.51,3.69,3.86
Haseley, Adam,656514,PHI,143,CF,24,L,0,0.52,0.84,1.11,1.35,1.57,1.79,1.99,2.19,2.38,2.57,2.76,2.94,3.13,3.31,3.49,3.67,3.85,4.01
Hays, Austin,669720,BAL,110,CF,25,R,0,0.57,0.89,1.16,1.4,1.62,1.83,2.03,2.22,2.41,2.6,2.78,2.96,3.14,3.31,3.49,3.66,3.84,4.02
Hechavarria, Adeiny,588751,ATL,144,2B,31,R,0,0.58,0.9,1.17,1.42,1.64,1.85,2.06,2.25,2.45,2.63,2.81,2.99,3.17,3.35,3.53,3.72,3.91,4.11
Heineman, Scott,595981,TEX,140,CF,28,R,0,0.58,0.9,1.16,1.4,1.62,1.83,2.03,2.22,2.41,2.6,2.78,2.96,3.13,3.31,3.48,3.66,3.84,4.03
Hernandez, Cesar,514917,CLE,114,2B,30,L,0,0.56,0.86,1.12,1.35,1.57,1.77,1.96,2.15,2.33,2.51,2.68,2.85,3.02,3.19,3.36,3.53,3.7,3.88
Hernandez, Cesar,514917,CLE,114,2B,30,R,0,0.58,0.9,1.17,1.41,1.63,1.84,2.04,2.23,2.41,2.59,2.76,2.94,3.12,3.29,3.46,3.63,3.8,3.98
Hernandez, Enrique,571771,LAD,119,2B,29,R,0,0.56,0.89,1.16,1.41,1.64,1.86,2.06,2.26,2.45,2.64,2.83,3.01,3.2,3.38,3.56,3.74,3.92,4.12
Hernandez, Teoscar,606192,TOR,141,RF,28,R,0,0.57,0.9,1.17,1.42,1.64,1.84,2.04,2.23,2.42,2.6,2.78,2.96,3.13,3.31,3.48,3.64,3.81,3.98
Heyward, Jason,518792,CHC,112,RF,31,L,0,0.55,0.86,1.13,1.37,1.59,1.8,2.01,2.2,2.39,2.59,2.77,2.96,3.13,3.31,3.49,3.67,3.85,4.05
Hicks, Aaron,543305,NYY,147,CF,31,L,0,0.56,0.88,1.15,1.38,1.6,1.81,2.01,2.2,2.39,2.57,2.75,2.93,3.09,3.26,3.43,3.61,3.79,3.97
Hilliard, Sam,656541,COL,115,LF,26,L,0,0.59,0.93,1.18,1.41,1.62,1.83,2.03,2.22,2.4,2.57,2.75,2.92,3.09,3.26,3.42,3.59,3.76,3.94
Hiura, Keston,669374,MIL,158,2B,24,R,0,0.54,0.86,1.12,1.36,1.59,1.8,2.01,2.21,2.4,2.59,2.78,2.96,3.14,3.33,3.5,3.68,3.87,4.05
Hoerner, Nico,663538,CHC,112,2B,23,R,0,0.55,0.87,1.14,1.37,1.59,1.8,2,2.19,2.38,2.56,2.74,2.92,3.09,3.27,3.44,3.61,3.78,3.96
Holt, Brock,571788,WSH,120,3B,32,L,0,0.56,0.88,1.16,1.41,1.64,1.86,2.07,2.27,2.47,2.67,2.86,3.04,3.23,3.41,3.6,3.79,3.98,4.18
Hoskins, Rhys,656555,PHI,143,1B,27,R,0,0.59,0.93,1.22,1.48,1.71,1.94,2.16,2.37,2.57,2.77,2.97,3.16,3.35,3.54,3.73,3.92,4.12,4.32
Hosmer, Eric,543333,SD,135,1B,31,L,0,0.57,0.91,1.19,1.45,1.68,1.9,2.11,2.32,2.52,2.71,2.9,3.1,3.29,3.48,3.67,3.87,4.07,4.3
Iglesias, Jose,578428,BAL,110,SS,30,R,0,0.55,0.87,1.13,1.37,1.59,1.8,2,2.19,2.38,2.56,2.74,2.91,3.09,3.26,3.43,3.6,3.78,3.96
Inciarte, Ender,542255,ATL,144,CF,30,L,0,0.57,0.89,1.16,1.4,1.63,1.84,2.04,2.24,2.43,2.62,2.81,2.99,3.17,3.34,3.52,3.71,3.9,4.1
Jansen, Danny,643376,TOR,141,C,25,R,0,0.57,0.91,1.18,1.43,1.66,1.88,2.09,2.29,2.48,2.68,2.86,3.04,3.23,3.41,3.59,3.78,3.97,4.14
Jeffers, Ryan,680777,MIN,142,C,23,R,0,0.55,0.89,1.15,1.41,1.64,1.86,2.07,2.27,2.47,2.67,2.86,3.04,3.24,3.42,3.6,3.79,3.97,4.16
Jimenez, Eloy,650391,CWS,145,LF,24,R,0,0.56,0.9,1.17,1.42,1.65,1.87,2.07,2.27,2.46,2.65,2.83,3.01,3.19,3.37,3.54,3.71,3.89,4.07
Jones, JaCoby,592444,DET,116,CF,28,R,0,0.58,0.92,1.19,1.44,1.67,1.89,2.1,2.3,2.49,2.68,2.86,3.04,3.23,3.41,3.59,3.77,3.96,4.16
Kelly, Carson,608348,ARI,109,C,26,R,0,0.57,0.92,1.2,1.47,1.7,1.93,2.15,2.36,2.56,2.76,2.96,3.15,3.34,3.54,3.73,3.93,4.14,4.34
Kemp, Matt,461314,COL,115,DH,36,R,0,0.57,0.91,1.19,1.45,1.68,1.9,2.11,2.32,2.52,2.71,2.91,3.1,3.29,3.47,3.66,3.85,4.03,4.23
Kendrick, Howie,435062,WSH,120,DH,37,R,0,0.55,0.88,1.16,1.42,1.66,1.89,2.11,2.32,2.53,2.73,2.93,3.12,3.32,3.51,3.71,3.9,4.1,4.31
Kepler, Max,596146,MIN,142,RF,27,L,0,0.55,0.85,1.11,1.34,1.56,1.77,1.96,2.15,2.34,2.52,2.7,2.87,3.05,3.22,3.4,3.58,3.76,3.97
Kieboom, Carter,666198,WSH,120,3B,23,R,0,0.56,0.89,1.16,1.41,1.63,1.85,2.06,2.26,2.46,2.65,2.83,3.01,3.19,3.37,3.55,3.73,3.91,4.11
Kiermaier, Kevin,595281,TB,139,CF,30,L,0,0.55,0.87,1.13,1.37,1.58,1.78,1.98,2.17,2.35,2.52,2.7,2.87,3.04,3.21,3.37,3.54,3.71,3.89
Kiner-Falefa, Isiah,643396,TEX,140,3B,25,R,0,0.56,0.88,1.14,1.38,1.6,1.81,2.01,2.2,2.39,2.57,2.75,2.93,3.11,3.29,3.46,3.64,3.81,3.99
Kingery, Scott,664068,PHI,143,2B,26,R,0,0.56,0.87,1.13,1.37,1.59,1.8,2,2.19,2.38,2.56,2.74,2.91,3.09,3.26,3.43,3.6,3.77,3.96
Kipnis, Jason,543401,CHC,112,2B,33,L,0,0.54,0.87,1.14,1.39,1.61,1.83,2.04,2.24,2.43,2.62,2.81,2.99,3.17,3.35,3.53,3.71,3.89,4.08
La Stella, Tommy,600303,OAK,133,2B,31,L,0,0.55,0.87,1.14,1.39,1.62,1.84,2.05,2.25,2.45,2.65,2.85,3.04,3.23,3.43,3.62,3.81,4.02,4.25
Laureano, Ramon,657656,OAK,133,CF,26,R,0,0.55,0.86,1.13,1.37,1.58,1.8,2,2.19,2.38,2.57,2.75,2.94,3.11,3.29,3.46,3.63,3.81,3.99
LeMahieu, DJ,518934,NYY,147,2B,32,R,0,0.56,0.89,1.16,1.41,1.64,1.86,2.07,2.28,2.48,2.67,2.86,3.05,3.23,3.42,3.6,3.79,3.99,4.16
Lewis, Kyle,641786,SEA,136,CF,25,R,0,0.55,0.86,1.12,1.35,1.57,1.78,1.97,2.16,2.34,2.53,2.71,2.88,3.06,3.23,3.4,3.57,3.74,3.93
Lindor, Francisco,596019,CLE,114,SS,27,R,0,0.57,0.89,1.15,1.39,1.62,1.83,2.03,2.23,2.42,2.61,2.79,2.97,3.15,3.32,3.5,3.68,3.85,4.04
Lindor, Francisco,596019,CLE,114,SS,27,L,0,0.55,0.87,1.13,1.37,1.6,1.81,2.02,2.22,2.41,2.6,2.78,2.96,3.14,3.32,3.5,3.68,3.87,4.08
Locastro, Tim,641796,ARI,109,CF,28,R,0,0.56,0.87,1.11,1.33,1.54,1.74,1.92,2.11,2.29,2.46,2.63,2.8,2.97,3.12,3.28,3.44,3.6,3.76
Long Jr., Shed,643418,SEA,136,2B,25,L,0,0.55,0.86,1.13,1.37,1.59,1.8,2,2.2,2.39,2.58,2.76,2.94,3.12,3.3,3.49,3.67,3.86,4.03
Longoria, Evan,446334,SF,137,3B,35,R,0,0.57,0.89,1.16,1.41,1.64,1.85,2.06,2.26,2.45,2.64,2.83,3.02,3.2,3.38,3.56,3.74,3.93,4.11
Lopes, Tim,621005,SEA,136,LF,26,R,0,0.57,0.89,1.15,1.39,1.61,1.82,2.02,2.21,2.4,2.59,2.77,2.94,3.12,3.29,3.47,3.64,3.81,3.99
Lopez, Nicky,670032,KC,118,2B,25,L,0,0.56,0.89,1.16,1.4,1.62,1.83,2.03,2.23,2.42,2.6,2.79,2.97,3.14,3.32,3.49,3.67,3.85,4.04
Lowe, Brandon,664040,TB,139,2B,26,L,0,0.55,0.86,1.12,1.36,1.58,1.78,1.98,2.17,2.36,2.54,2.73,2.91,3.09,3.27,3.45,3.63,3.83,4.04
Luplow, Jordan,656669,CLE,114,LF,27,R,0,0.58,0.92,1.2,1.44,1.67,1.89,2.09,2.29,2.47,2.66,2.84,3.02,3.2,3.37,3.56,3.73,3.91,4.1
Lux, Gavin,666158,LAD,119,2B,23,L,0,0.55,0.86,1.13,1.36,1.58,1.78,1.98,2.16,2.35,2.53,2.71,2.89,3.06,3.23,3.41,3.58,3.75,3.93
Machado, Manny,592518,SD,135,3B,28,R,0,0.57,0.9,1.17,1.42,1.66,1.87,2.08,2.28,2.48,2.67,2.85,3.04,3.23,3.4,3.58,3.77,3.95,4.13
Machin, Vimael,605353,OAK,133,3B,27,L,0,0.58,0.92,1.2,1.46,1.69,1.91,2.11,2.31,2.51,2.71,2.9,3.09,3.28,3.47,3.66,3.86,4.07,4.32
Madrigal, Nick,663611,CWS,145,2B,23,R,0,0.54,0.86,1.12,1.36,1.58,1.79,1.99,2.18,2.36,2.54,2.73,2.91,3.08,3.25,3.43,3.6,3.78,3.96
Margot, Manuel,622534,TB,139,CF,26,R,0,0.57,0.89,1.15,1.38,1.6,1.81,2,2.19,2.37,2.55,2.73,2.9,3.07,3.24,3.41,3.58,3.75,3.93
Markakis, Nick,455976,ATL,144,RF,37,L,0,0.57,0.9,1.18,1.42,1.65,1.87,2.08,2.28,2.48,2.67,2.86,3.05,3.23,3.41,3.6,3.78,3.97,4.17
Marmolejos, Jose,592530,SEA,136,LF,27,L,0,0.56,0.89,1.17,1.41,1.64,1.86,2.07,2.27,2.47,2.67,2.87,3.06,3.26,3.46,3.66,3.87,4.13,4.38
Marte, Ketel,606466,ARI,109,2B,27,R,0,0.58,0.91,1.17,1.41,1.63,1.84,2.03,2.23,2.42,2.6,2.78,2.95,3.13,3.3,3.47,3.64,3.81,3.98
Marte, Ketel,606466,ARI,109,2B,27,L,0,0.54,0.85,1.12,1.35,1.57,1.77,1.97,2.16,2.35,2.53,2.71,2.88,3.06,3.24,3.42,3.6,3.78,3.99
Marte, Starling,516782,MIA,146,CF,32,R,0,0.56,0.88,1.14,1.38,1.6,1.8,2,2.19,2.37,2.55,2.73,2.91,3.08,3.25,3.42,3.59,3.76,3.93
Martinez, J.D.,502110,BOS,111,DH,33,R,0,0.58,0.92,1.19,1.44,1.68,1.9,2.11,2.32,2.52,2.71,2.91,3.1,3.29,3.48,3.67,3.85,4.04,4.24
Martinez, Jose,500874,CHC,112,DH,32,R,0,0.57,0.91,1.2,1.45,1.69,1.91,2.12,2.32,2.52,2.71,2.91,3.1,3.29,3.48,3.66,3.85,4.03,4.22
Maybin, Cameron,457727,CHC,112,RF,33,R,0,0.55,0.86,1.13,1.37,1.58,1.8,1.99,2.19,2.37,2.56,2.74,2.91,3.08,3.26,3.43,3.61,3.78,3.96
Mazara, Nomar,608577,CWS,145,RF,25,L,0,0.58,0.91,1.19,1.44,1.68,1.9,2.11,2.31,2.51,2.71,2.9,3.1,3.29,3.47,3.66,3.85,4.04,4.25
McCann, James,543510,CWS,145,C,30,R,0,0.58,0.91,1.19,1.44,1.68,1.9,2.11,2.31,2.51,2.71,2.9,3.09,3.28,3.46,3.64,3.82,4.02,4.21
McCutchen, Andrew,457705,PHI,143,LF,34,R,0,0.56,0.89,1.17,1.41,1.63,1.85,2.05,2.25,2.44,2.63,2.81,2.99,3.17,3.35,3.52,3.69,3.87,4.05
McGuire, Reese,624512,TOR,141,C,25,L,0,0.57,0.9,1.19,1.44,1.67,1.89,2.1,2.31,2.51,2.71,2.9,3.09,3.28,3.47,3.67,3.86,4.06,4.27
McMahon, Ryan,641857,COL,115,2B,26,L,0,0.53,0.84,1.11,1.35,1.58,1.79,2,2.2,2.4,2.59,2.78,2.97,3.16,3.35,3.54,3.73,3.93,4.15
McNeil, Jeff,643446,NYM,121,LF,28,L,0,0.56,0.88,1.15,1.39,1.61,1.82,2.02,2.22,2.41,2.59,2.77,2.95,3.12,3.3,3.47,3.66,3.91,4.06
Mendick, Danny,664901,CWS,145,2B,27,R,0,0.58,0.9,1.18,1.43,1.66,1.89,2.1,2.3,2.5,2.7,2.89,3.08,3.27,3.46,3.65,3.84,4.03,4.22
Mercado, Oscar,640458,CLE,114,CF,26,R,0,0.56,0.88,1.13,1.36,1.58,1.79,1.98,2.17,2.36,2.54,2.72,2.9,3.07,3.25,3.42,3.6,3.78,3.97
Merrifield, Whit,593160,KC,118,RF,31,R,0,0.58,0.91,1.18,1.42,1.64,1.85,2.05,2.24,2.43,2.61,2.79,2.97,3.14,3.31,3.49,3.66,3.84,4.02
Miller, Brad,543543,STL,138,DH,31,L,0,0.57,0.91,1.19,1.44,1.68,1.89,2.1,2.3,2.49,2.67,2.86,3.04,3.22,3.4,3.58,3.76,3.96,4.17
Molina, Yadier,425877,STL,138,C,38,R,0,0.58,0.94,1.24,1.51,1.76,2.01,2.23,2.46,2.67,2.88,3.09,3.3,3.5,3.71,3.92,4.13,4.35,4.54
Mondesi, Adalberto,609275,KC,118,SS,25,L,0,0.55,0.86,1.11,1.34,1.55,1.75,1.94,2.12,2.3,2.47,2.63,2.8,2.97,3.13,3.29,3.46,3.63,3.81
Moore, Dylan,664238,SEA,136,RF,28,R,0,0.57,0.9,1.17,1.41,1.64,1.85,2.05,2.25,2.44,2.62,2.81,2.99,3.17,3.34,3.52,3.69,3.87,4.05
Moran, Colin,592567,PIT,134,DH,28,L,0,0.57,0.92,1.2,1.46,1.7,1.93,2.15,2.37,2.58,2.78,2.99,3.19,3.39,3.59,3.8,4.01,4.23,4.47
Moreland, Mitch,519048,SD,135,1B,35,L,0,0.58,0.93,1.22,1.48,1.72,1.95,2.17,2.38,2.59,2.8,3,3.2,3.41,3.61,3.81,4.02,4.24,4.53
Mountcastle, Ryan,663624,BAL,110,LF,23,R,0,0.57,0.89,1.16,1.4,1.62,1.83,2.03,2.22,2.41,2.59,2.77,2.95,3.12,3.29,3.47,3.63,3.81,3.98
Moustakas, Mike,519058,CIN,113,2B,32,L,0,0.59,0.94,1.23,1.48,1.73,1.96,2.18,2.4,2.61,2.81,3.02,3.21,3.41,3.61,3.81,4.02,4.24,4.5
Muncy, Max,571970,LAD,119,1B,30,L,0,0.55,0.87,1.13,1.37,1.6,1.81,2.01,2.21,2.4,2.59,2.77,2.96,3.14,3.32,3.5,3.69,3.88,4.1
Munoz, Yairo,622168,BOS,111,LF,25,R,0,0.58,0.9,1.16,1.41,1.63,1.84,2.04,2.23,2.41,2.6,2.78,2.96,3.15,3.33,3.5,3.68,3.85,4.03
Murphy, Daniel,502517,COL,115,1B,35,L,0,0.57,0.91,1.2,1.45,1.68,1.9,2.11,2.32,2.52,2.71,2.91,3.1,3.29,3.47,3.66,3.84,4.02,4.23
Murphy, Sean,669221,OAK,133,C,26,R,0,0.54,0.87,1.14,1.39,1.62,1.84,2.05,2.26,2.46,2.65,2.85,3.04,3.23,3.42,3.61,3.8,3.99,4.2
Myers, Wil,571976,SD,135,RF,30,R,0,0.54,0.86,1.13,1.37,1.6,1.8,2.01,2.2,2.39,2.57,2.76,2.93,3.11,3.28,3.46,3.63,3.81,4
Naquin, Tyler,571980,CLE,114,RF,29,L,0,0.58,0.89,1.16,1.41,1.64,1.85,2.06,2.26,2.46,2.65,2.83,3.02,3.2,3.38,3.57,3.75,3.94,4.14
Naylor, Josh,647304,CLE,114,LF,23,L,0,0.56,0.88,1.15,1.39,1.62,1.83,2.03,2.22,2.41,2.59,2.77,2.95,3.13,3.31,3.49,3.66,3.85,4.04
Newman, Kevin,621028,PIT,134,SS,27,R,0,0.56,0.89,1.15,1.4,1.62,1.83,2.04,2.23,2.42,2.62,2.8,2.98,3.16,3.34,3.52,3.69,3.87,4.04
Nimmo, Brandon,607043,NYM,121,CF,27,L,0,0.55,0.86,1.12,1.35,1.57,1.78,1.98,2.17,2.36,2.54,2.72,2.9,3.08,3.26,3.43,3.61,3.79,3.97
Nola, Austin,543592,SD,135,C,31,R,0,0.57,0.91,1.2,1.45,1.69,1.92,2.13,2.33,2.53,2.73,2.92,3.11,3.3,3.48,3.66,3.85,4.03,4.23
Nunez, Renato,600524,BAL,110,1B,26,R,0,0.59,0.93,1.21,1.47,1.7,1.92,2.13,2.34,2.54,2.74,2.93,3.12,3.31,3.5,3.68,3.87,4.06,4.25
O'Neill, Tyler,641933,STL,138,LF,25,R,0,0.55,0.86,1.12,1.35,1.56,1.76,1.95,2.14,2.32,2.5,2.67,2.85,3.02,3.18,3.35,3.52,3.68,3.85
Odor, Rougned,596059,TEX,140,2B,26,L,0,0.54,0.86,1.13,1.37,1.59,1.8,2,2.19,2.39,2.57,2.75,2.94,3.12,3.3,3.47,3.66,3.84,4.03
Ohtani, Shohei,660271,LAA,108,DH,26,L,0,0.54,0.85,1.11,1.33,1.55,1.75,1.95,2.13,2.32,2.5,2.67,2.84,3.01,3.18,3.35,3.52,3.69,3.88
Olivares, Edward,658668,KC,118,CF,24,R,0,0.56,0.87,1.13,1.37,1.58,1.79,1.98,2.17,2.35,2.53,2.71,2.88,3.06,3.23,3.4,3.56,3.73,3.89
Olson, Matt,621566,OAK,133,1B,26,L,0,0.56,0.91,1.19,1.44,1.68,1.9,2.11,2.32,2.52,2.72,2.92,3.11,3.3,3.48,3.67,3.86,4.06,4.25
Ozuna, Marcell,542303,ATL,144,DH,30,R,0,0.57,0.93,1.22,1.47,1.71,1.93,2.14,2.34,2.53,2.72,2.91,3.1,3.28,3.45,3.63,3.8,3.98,4.17
Panik, Joe,605412,TOR,141,2B,30,L,0,0.55,0.88,1.14,1.39,1.62,1.83,2.04,2.24,2.44,2.62,2.81,3,3.18,3.36,3.54,3.73,3.92,4.12
Paredes, Isaac,670623,DET,116,3B,21,R,0,0.57,0.91,1.2,1.45,1.69,1.91,2.12,2.33,2.53,2.73,2.93,3.12,3.31,3.5,3.69,3.89,4.09,4.29
Pederson, Joc,592626,LAD,119,LF,28,L,0,0.56,0.9,1.18,1.42,1.65,1.86,2.07,2.27,2.47,2.66,2.85,3.03,3.22,3.4,3.59,3.79,3.99,4.2
Pence, Hunter,452254,SF,137,RF,37,R,0,0.56,0.9,1.17,1.42,1.64,1.86,2.06,2.26,2.45,2.64,2.82,3.01,3.19,3.36,3.54,3.71,3.89,4.07
Peralta, David,444482,ARI,109,LF,33,L,0,0.55,0.87,1.14,1.38,1.61,1.82,2.03,2.22,2.42,2.61,2.79,2.97,3.15,3.33,3.51,3.69,3.88,4.08
Peraza, Jose,606299,BOS,111,2B,26,R,0,0.56,0.88,1.14,1.38,1.6,1.81,2.01,2.2,2.39,2.57,2.75,2.94,3.11,3.28,3.45,3.62,3.8,3.97
Perez, Roberto,547379,CLE,114,C,32,R,0,0.57,0.91,1.19,1.45,1.69,1.92,2.14,2.35,2.56,2.76,2.96,3.15,3.35,3.54,3.74,3.94,4.14,4.35
Perez, Salvador,521692,KC,118,C,30,R,0,0.58,0.93,1.22,1.48,1.73,1.95,2.18,2.39,2.6,2.8,2.99,3.18,3.38,3.57,3.76,3.96,4.17,4.37
Pham, Tommy,502054,SD,135,LF,32,R,0,0.55,0.88,1.15,1.39,1.62,1.82,2.02,2.21,2.4,2.58,2.77,2.95,3.12,3.3,3.47,3.64,3.82,4
Phillips, Brett,621433,TB,139,CF,26,L,0,0.54,0.85,1.12,1.35,1.57,1.77,1.97,2.16,2.34,2.53,2.7,2.87,3.04,3.22,3.39,3.56,3.74,3.92
Pillar, Kevin,607680,COL,115,CF,31,R,0,0.58,0.91,1.19,1.44,1.67,1.89,2.09,2.28,2.47,2.65,2.83,3.01,3.19,3.37,3.54,3.71,3.89,4.06
Pinder, Chad,640461,OAK,133,2B,28,R,0,0.57,0.9,1.17,1.42,1.64,1.86,2.07,2.26,2.46,2.65,2.83,3.02,3.21,3.39,3.57,3.76,3.95,4.14
Piscotty, Stephen,572039,OAK,133,RF,29,R,0,0.56,0.89,1.17,1.41,1.65,1.87,2.07,2.28,2.48,2.67,2.86,3.05,3.23,3.41,3.59,3.77,3.96,4.15
Plawecki, Kevin,608700,BOS,111,C,29,R,0,0.57,0.92,1.2,1.46,1.7,1.93,2.14,2.35,2.55,2.75,2.95,3.14,3.34,3.53,3.72,3.92,4.12,4.31
Polanco, Gregory,570256,PIT,134,RF,29,L,0,0.57,0.88,1.14,1.38,1.6,1.81,2.01,2.2,2.38,2.56,2.74,2.92,3.09,3.27,3.44,3.61,3.78,3.97
Polanco, Jorge,593871,MIN,142,SS,27,L,0,0.58,0.9,1.17,1.41,1.63,1.84,2.04,2.24,2.43,2.61,2.79,2.96,3.14,3.31,3.48,3.65,3.82,4.01
Pollock, AJ,572041,LAD,119,LF,33,R,0,0.57,0.89,1.16,1.4,1.62,1.83,2.03,2.22,2.41,2.6,2.78,2.96,3.14,3.31,3.49,3.66,3.84,4.02
Profar, Jurickson,595777,SD,135,LF,27,L,0,0.57,0.9,1.17,1.42,1.65,1.86,2.07,2.27,2.46,2.65,2.84,3.02,3.2,3.37,3.55,3.73,3.92,4.09
Quinn, Roman,596451,PHI,143,CF,27,L,0,0.52,0.81,1.06,1.27,1.47,1.67,1.85,2.03,2.21,2.38,2.55,2.71,2.87,3.03,3.19,3.35,3.51,3.68
Ramirez, Jose,608070,CLE,114,3B,28,L,0,0.55,0.87,1.13,1.37,1.59,1.79,1.99,2.18,2.37,2.55,2.74,2.92,3.1,3.28,3.46,3.65,3.84,4.05
Ramos, Wilson,467092,NYM,121,C,33,R,0,0.57,0.92,1.21,1.47,1.71,1.94,2.17,2.39,2.6,2.81,3.01,3.21,3.41,3.61,3.81,4.01,4.22,4.45
Realmuto, J.T.,592663,PHI,143,C,29,R,0,0.57,0.89,1.16,1.4,1.62,1.83,2.04,2.23,2.42,2.6,2.79,2.97,3.14,3.32,3.49,3.67,3.84,4.03
Reddick, Josh,502210,HOU,117,RF,33,L,0,0.57,0.91,1.2,1.45,1.68,1.9,2.11,2.31,2.52,2.72,2.91,3.1,3.29,3.48,3.67,3.86,4.05,4.26
Rendon, Anthony,543685,LAA,108,3B,30,R,0,0.56,0.9,1.18,1.43,1.66,1.88,2.09,2.29,2.49,2.69,2.87,3.06,3.25,3.43,3.61,3.8,3.98,4.18
Renfroe, Hunter,592669,TB,139,RF,28,R,0,0.57,0.91,1.19,1.44,1.66,1.88,2.08,2.28,2.47,2.66,2.85,3.03,3.22,3.4,3.58,3.76,3.94,4.13
Rengifo, Luis,650859,LAA,108,2B,23,L,0,0.56,0.88,1.14,1.38,1.61,1.82,2.03,2.22,2.4,2.59,2.77,2.95,3.13,3.31,3.49,3.67,3.85,4.05
Reyes, Franmil,614177,CLE,114,DH,25,R,0,0.58,0.93,1.21,1.47,1.71,1.94,2.15,2.36,2.56,2.75,2.94,3.13,3.32,3.5,3.69,3.88,4.07,4.27
Reyes, Victor,622682,DET,116,CF,26,L,0,0.55,0.86,1.13,1.36,1.59,1.79,1.99,2.18,2.36,2.54,2.72,2.9,3.07,3.24,3.41,3.59,3.77,3.96
Reynolds, Bryan,668804,PIT,134,LF,25,R,0,0.54,0.86,1.11,1.35,1.56,1.77,1.96,2.15,2.34,2.52,2.7,2.88,3.05,3.23,3.4,3.58,3.75,3.93
Reynolds, Bryan,668804,PIT,134,LF,25,L,0,0.54,0.85,1.11,1.34,1.56,1.77,1.96,2.16,2.34,2.53,2.71,2.89,3.07,3.24,3.42,3.59,3.77,3.98
Riddle, JT,595375,PIT,134,3B,29,L,0,0.55,0.88,1.15,1.4,1.63,1.84,2.05,2.25,2.44,2.63,2.82,3,3.19,3.37,3.56,3.75,3.94,4.13
Riley, Austin,663586,ATL,144,3B,23,R,0,0.56,0.9,1.17,1.43,1.66,1.88,2.09,2.29,2.49,2.68,2.86,3.05,3.23,3.41,3.59,3.77,3.95,4.14
Rizzo, Anthony,519203,CHC,112,1B,31,L,0,0.58,0.93,1.22,1.48,1.72,1.95,2.17,2.38,2.59,2.79,2.99,3.19,3.38,3.57,3.76,3.96,4.16,4.37
Robert, Luis,673357,CWS,145,CF,23,R,0,0.56,0.88,1.13,1.36,1.58,1.78,1.97,2.15,2.34,2.51,2.69,2.86,3.03,3.19,3.36,3.52,3.69,3.86
Robles, Victor,645302,WSH,120,CF,23,R,0,0.56,0.88,1.15,1.38,1.6,1.81,2,2.19,2.38,2.56,2.74,2.91,3.09,3.26,3.43,3.6,3.77,3.94
Rojas, Miguel,500743,MIA,146,SS,31,R,0,0.56,0.9,1.19,1.45,1.68,1.91,2.12,2.33,2.53,2.73,2.92,3.11,3.3,3.49,3.68,3.87,4.06,4.25
Romine, Austin,519222,DET,116,C,32,R,0,0.59,0.95,1.24,1.5,1.74,1.97,2.19,2.39,2.6,2.8,3,3.19,3.38,3.58,3.77,3.96,4.15,4.36
Rosario, Amed,642708,NYM,121,SS,25,R,0,0.56,0.87,1.14,1.37,1.59,1.8,2,2.19,2.38,2.55,2.73,2.91,3.08,3.25,3.41,3.58,3.75,3.92
Rosario, Eddie,592696,MIN,142,LF,29,L,0,0.55,0.87,1.14,1.39,1.61,1.83,2.03,2.23,2.42,2.6,2.78,2.96,3.14,3.32,3.5,3.69,3.88,4.07
Ruf, Darin,573131,SF,137,LF,34,R,0,0.58,0.92,1.2,1.46,1.7,1.93,2.15,2.36,2.56,2.77,2.96,3.16,3.35,3.54,3.74,3.93,4.12,4.32
Ruiz, Rio,547004,BAL,110,3B,26,L,0,0.55,0.88,1.17,1.42,1.66,1.88,2.09,2.3,2.51,2.71,2.9,3.1,3.29,3.48,3.67,3.87,4.07,4.3
Sandoval, Pablo,467055,ATL,144,DH,34,L,0,0.57,0.92,1.2,1.46,1.71,1.94,2.16,2.38,2.59,2.8,3.01,3.21,3.41,3.61,3.82,4.02,4.24,4.48
Sano, Miguel,593934,MIN,142,1B,27,R,0,0.57,0.9,1.18,1.43,1.66,1.88,2.08,2.28,2.46,2.65,2.84,3.02,3.2,3.39,3.59,3.78,3.97,4.16
Santana, Domingo,570267,CLE,114,RF,28,R,0,0.58,0.91,1.19,1.43,1.66,1.87,2.07,2.27,2.46,2.65,2.84,3.02,3.2,3.38,3.56,3.74,3.93,4.13
Schoop, Jonathan,570731,DET,116,2B,29,R,0,0.57,0.9,1.18,1.42,1.65,1.87,2.08,2.27,2.47,2.65,2.84,3.02,3.2,3.37,3.55,3.73,3.91,4.09
Schwarber, Kyle,656941,CHC,112,LF,27,L,0,0.57,0.9,1.17,1.42,1.64,1.85,2.06,2.25,2.45,2.64,2.82,3.01,3.19,3.37,3.55,3.73,3.92,4.11
Seager, Corey,608369,LAD,119,SS,26,L,0,0.55,0.88,1.15,1.39,1.61,1.82,2.03,2.22,2.41,2.6,2.79,2.97,3.15,3.33,3.51,3.69,3.86,4.06
Seager, Kyle,572122,SEA,136,3B,33,L,0,0.57,0.91,1.19,1.44,1.67,1.89,2.1,2.31,2.51,2.7,2.89,3.08,3.27,3.45,3.64,3.82,4.01,4.19
Segura, Jean,516416,PHI,143,2B,30,R,0,0.55,0.87,1.13,1.37,1.59,1.8,2,2.19,2.37,2.55,2.73,2.9,3.07,3.24,3.42,3.58,3.75,3.94
Semien, Marcus,543760,OAK,133,SS,30,R,0,0.56,0.88,1.14,1.37,1.59,1.8,2,2.19,2.37,2.56,2.74,2.92,3.09,3.26,3.43,3.61,3.78,3.96
Senzel, Nick,669222,CIN,113,CF,25,R,0,0.55,0.86,1.12,1.35,1.57,1.78,1.98,2.16,2.34,2.53,2.7,2.87,3.05,3.22,3.39,3.55,3.72,3.89
Severino, Pedro,600474,BAL,110,C,27,R,0,0.55,0.89,1.16,1.41,1.63,1.85,2.06,2.26,2.46,2.65,2.84,3.03,3.21,3.39,3.57,3.75,3.93,4.11
Shaw, Travis,543768,TOR,141,3B,30,L,0,0.58,0.92,1.2,1.46,1.7,1.93,2.15,2.36,2.57,2.77,2.96,3.15,3.35,3.54,3.73,3.92,4.12,4.32
Sierra, Magneuris,642423,MIA,146,CF,24,L,0,0.53,0.84,1.1,1.32,1.53,1.73,1.92,2.11,2.29,2.47,2.64,2.81,2.98,3.15,3.32,3.49,3.68,3.88
Simmons, Andrelton,592743,LAA,108,SS,31,R,0,0.58,0.92,1.2,1.46,1.69,1.92,2.13,2.33,2.53,2.72,2.91,3.1,3.28,3.47,3.65,3.84,4.04,4.24
Sisco, Chance,642082,BAL,110,C,25,L,0,0.57,0.91,1.19,1.45,1.68,1.91,2.13,2.35,2.55,2.76,2.96,3.16,3.36,3.56,3.76,3.96,4.16,4.37
Slater, Austin,596103,SF,137,DH,28,R,0,0.56,0.89,1.16,1.4,1.62,1.83,2.02,2.22,2.4,2.58,2.76,2.94,3.11,3.29,3.46,3.63,3.8,3.98
Smith, Dominic,642086,NYM,121,1B,25,L,0,0.57,0.91,1.19,1.45,1.69,1.91,2.13,2.34,2.54,2.74,2.93,3.12,3.31,3.5,3.69,3.87,4.06,4.27
Smith, Mallex,605480,SEA,136,RF,27,L,0,0.55,0.84,1.1,1.33,1.54,1.74,1.93,2.12,2.3,2.48,2.66,2.83,3,3.17,3.34,3.5,3.67,3.86
Smith, Will,669257,LAD,119,C,25,R,0,0.55,0.87,1.14,1.38,1.6,1.81,2.02,2.21,2.41,2.59,2.77,2.95,3.13,3.3,3.48,3.65,3.83,4.02
Sogard, Eric,519299,MIL,158,3B,34,L,0,0.56,0.9,1.17,1.43,1.66,1.88,2.09,2.3,2.5,2.69,2.89,3.08,3.26,3.45,3.64,3.83,4.04,4.26
Solak, Nick,669256,TEX,140,LF,25,R,0,0.56,0.87,1.13,1.36,1.58,1.79,1.99,2.18,2.36,2.55,2.73,2.9,3.08,3.25,3.42,3.59,3.76,3.94
Solano, Donovan,456781,SF,137,2B,33,R,0,0.57,0.9,1.18,1.43,1.66,1.88,2.09,2.29,2.49,2.68,2.87,3.05,3.24,3.42,3.61,3.79,3.98,4.18
Soler, Jorge,624585,KC,118,DH,28,R,0,0.56,0.9,1.17,1.42,1.65,1.87,2.09,2.29,2.48,2.68,2.86,3.05,3.23,3.41,3.6,3.79,3.99,4.2
Soto, Juan,665742,WSH,120,LF,22,L,0,0.56,0.9,1.17,1.41,1.64,1.84,2.05,2.24,2.44,2.62,2.81,2.99,3.17,3.35,3.53,3.71,3.9,4.11
Springer, George,543807,HOU,117,CF,31,R,0,0.56,0.88,1.14,1.37,1.59,1.8,2,2.19,2.37,2.55,2.73,2.91,3.08,3.25,3.42,3.59,3.76,3.94
Stallings, Jacob,607732,PIT,134,C,31,R,0,0.56,0.92,1.22,1.49,1.75,1.99,2.23,2.45,2.67,2.88,3.09,3.31,3.51,3.72,3.93,4.14,4.36,4.59
Stanton, Giancarlo,519317,NYY,147,DH,31,R,0,0.56,0.88,1.16,1.41,1.64,1.87,2.08,2.29,2.49,2.69,2.87,3.07,3.26,3.45,3.65,3.84,4.04,4.25
Stassi, Max,545358,LAA,108,C,29,R,0,0.56,0.88,1.16,1.41,1.64,1.86,2.07,2.27,2.47,2.66,2.86,3.04,3.22,3.41,3.6,3.78,3.97,4.16
Story, Trevor,596115,COL,115,SS,28,R,0,0.56,0.87,1.14,1.37,1.59,1.8,1.99,2.17,2.36,2.53,2.71,2.88,3.06,3.23,3.4,3.56,3.73,3.9
Strange-Gordon, Dee,543829,SEA,136,2B,32,L,0,0.55,0.86,1.12,1.35,1.57,1.78,1.98,2.17,2.35,2.53,2.71,2.89,3.06,3.23,3.4,3.58,3.75,3.95
Straw, Myles,664702,HOU,117,CF,26,R,0,0.54,0.86,1.11,1.34,1.55,1.75,1.94,2.13,2.31,2.49,2.66,2.83,3,3.17,3.33,3.5,3.66,3.83
Suarez, Eugenio,553993,CIN,113,3B,29,R,0,0.56,0.89,1.17,1.42,1.65,1.88,2.08,2.29,2.49,2.69,2.87,3.06,3.25,3.43,3.61,3.8,3.99,4.19
Swanson, Dansby,621020,ATL,144,SS,26,R,0,0.56,0.88,1.14,1.38,1.6,1.81,2.01,2.2,2.38,2.56,2.74,2.92,3.09,3.26,3.43,3.6,3.77,3.95
Tapia, Raimel,606132,COL,115,LF,26,L,0,0.56,0.88,1.14,1.37,1.59,1.8,1.99,2.19,2.37,2.55,2.73,2.9,3.07,3.24,3.42,3.6,3.78,3.98
Tatis Jr., Fernando,665487,SD,135,SS,21,R,0,0.56,0.88,1.14,1.37,1.59,1.79,1.99,2.18,2.37,2.55,2.73,2.9,3.07,3.25,3.41,3.58,3.75,3.93
Tauchman, Mike,643565,NYY,147,LF,30,L,0,0.54,0.85,1.11,1.35,1.57,1.77,1.97,2.16,2.36,2.54,2.72,2.9,3.07,3.24,3.41,3.59,3.76,3.95
Taylor, Chris,621035,LAD,119,LF,30,R,0,0.57,0.89,1.16,1.4,1.62,1.84,2.04,2.23,2.42,2.61,2.79,2.96,3.14,3.31,3.49,3.66,3.84,4.01
Taylor, Michael A.,572191,WSH,120,LF,29,R,0,0.55,0.87,1.12,1.36,1.57,1.78,1.98,2.17,2.35,2.53,2.71,2.89,3.06,3.23,3.41,3.58,3.75,3.93
Tellez, Rowdy,642133,TOR,141,1B,25,L,0,0.57,0.93,1.22,1.48,1.73,1.96,2.18,2.39,2.6,2.8,3,3.2,3.39,3.59,3.78,3.98,4.17,4.39
Thames, Eric,519346,WSH,120,1B,34,L,0,0.56,0.88,1.16,1.4,1.63,1.84,2.05,2.25,2.44,2.64,2.82,3.01,3.19,3.38,3.56,3.74,3.93,4.13
Toro, Abraham,647351,HOU,117,3B,24,L,0,0.53,0.84,1.1,1.34,1.56,1.76,1.97,2.16,2.35,2.53,2.71,2.88,3.06,3.23,3.41,3.58,3.77,3.95
Torres, Gleyber,650402,NYY,147,SS,24,R,0,0.56,0.9,1.18,1.43,1.66,1.88,2.09,2.29,2.49,2.68,2.87,3.06,3.25,3.44,3.62,3.81,4,4.19
Trevino, Jose,624431,TEX,140,C,28,R,0,0.58,0.9,1.18,1.44,1.68,1.91,2.13,2.35,2.56,2.77,2.98,3.18,3.38,3.58,3.79,4,4.21,4.43
Tromp, Chadwick,644433,SF,137,C,25,R,0,0.57,0.91,1.19,1.45,1.69,1.91,2.13,2.33,2.54,2.74,2.94,3.13,3.33,3.53,3.72,3.92,4.12,4.33
Trout, Mike,545361,LAA,108,CF,29,R,0,0.54,0.86,1.11,1.34,1.56,1.76,1.96,2.14,2.32,2.5,2.67,2.84,3.01,3.18,3.35,3.51,3.68,3.86
Tsutsugo, Yoshi,660294,TB,139,DH,29,L,0,0.56,0.91,1.19,1.45,1.68,1.9,2.12,2.32,2.52,2.72,2.91,3.1,3.29,3.47,3.66,3.85,4.04,4.27
Tucker, Cole,657061,PIT,134,CF,24,L,0,0.55,0.86,1.13,1.36,1.58,1.78,1.98,2.18,2.36,2.54,2.72,2.9,3.07,3.24,3.41,3.58,3.75,3.94
Tucker, Kyle,663656,HOU,117,LF,23,L,0,0.56,0.88,1.14,1.38,1.6,1.8,2,2.2,2.39,2.57,2.75,2.93,3.1,3.28,3.46,3.64,3.82,4.03
Turner, Justin,457759,LAD,119,3B,36,R,0,0.58,0.92,1.2,1.45,1.69,1.91,2.13,2.33,2.53,2.73,2.92,3.12,3.32,3.51,3.71,3.9,4.1,4.31
Turner, Trea,607208,WSH,120,SS,27,R,0,0.56,0.87,1.12,1.35,1.56,1.76,1.95,2.13,2.31,2.48,2.65,2.81,2.97,3.13,3.29,3.46,3.62,3.78
Upton, Justin,457708,LAA,108,LF,33,R,0,0.57,0.9,1.17,1.42,1.65,1.86,2.06,2.26,2.45,2.64,2.82,3,3.17,3.35,3.53,3.7,3.88,4.05
Urias, Luis,649966,MIL,158,3B,23,R,0,0.56,0.89,1.16,1.4,1.63,1.84,2.05,2.24,2.44,2.63,2.82,3,3.19,3.37,3.55,3.73,3.92,4.11
Urshela, Gio,570482,NYY,147,3B,29,R,0,0.59,0.93,1.22,1.47,1.71,1.93,2.15,2.36,2.56,2.76,2.96,3.15,3.35,3.54,3.74,3.94,4.15,4.38
Valaika, Pat,642162,BAL,110,SS,28,R,0,0.56,0.89,1.16,1.41,1.63,1.84,2.05,2.24,2.44,2.63,2.81,3,3.19,3.37,3.55,3.73,3.91,4.1
Vargas, Ildemaro,545121,CHC,112,2B,29,R,0,0.57,0.9,1.17,1.42,1.65,1.87,2.08,2.28,2.48,2.67,2.86,3.06,3.23,3.42,3.6,3.78,3.97,4.16
Varsho, Daulton,662139,ARI,109,CF,24,L,0,0.57,0.9,1.16,1.39,1.61,1.82,2.02,2.21,2.4,2.58,2.76,2.93,3.1,3.27,3.44,3.61,3.78,3.99
Vazquez, Christian,543877,BOS,111,C,30,R,0,0.58,0.93,1.2,1.47,1.71,1.93,2.16,2.37,2.57,2.78,2.97,3.17,3.37,3.56,3.75,3.95,4.14,4.34
Verdugo, Alex,657077,BOS,111,RF,24,L,0,0.55,0.88,1.14,1.38,1.6,1.81,2.01,2.21,2.4,2.58,2.76,2.94,3.11,3.28,3.46,3.63,3.81,4
Villar, Jonathan,542340,TOR,141,2B,29,L,0,0.54,0.85,1.11,1.35,1.57,1.78,1.98,2.17,2.36,2.54,2.73,2.9,3.08,3.26,3.45,3.63,3.83,4.03
Villar, Jonathan,542340,TOR,141,2B,29,R,0,0.56,0.9,1.17,1.42,1.64,1.85,2.06,2.26,2.45,2.64,2.83,3.02,3.2,3.39,3.57,3.75,3.94,4.13
Vogelbach, Daniel,596129,MIL,158,DH,28,L,0,0.58,0.94,1.23,1.5,1.74,1.98,2.21,2.42,2.63,2.84,3.04,3.25,3.44,3.64,3.84,4.05,4.28,4.5
Voit, Luke,572228,NYY,147,1B,29,R,0,0.56,0.91,1.19,1.45,1.69,1.92,2.14,2.35,2.56,2.77,2.98,3.18,3.37,3.57,3.77,3.97,4.18,4.39
Votto, Joey,458015,CIN,113,1B,37,L,0,0.55,0.88,1.15,1.4,1.64,1.86,2.08,2.29,2.49,2.69,2.89,3.08,3.27,3.46,3.65,3.85,4.05,4.28
Wade, Tyler,642180,NYY,147,SS,26,L,0,0.54,0.84,1.1,1.33,1.54,1.75,1.95,2.13,2.32,2.5,2.67,2.84,3.02,3.19,3.36,3.53,3.71,3.9
Walker, Christian,572233,ARI,109,1B,29,R,0,0.55,0.88,1.16,1.4,1.63,1.85,2.06,2.26,2.45,2.64,2.83,3.01,3.19,3.37,3.55,3.73,3.91,4.09
Wallach, Chad,595453,MIA,146,C,29,R,0,0.56,0.91,1.21,1.48,1.73,1.97,2.18,2.4,2.62,2.83,3.04,3.26,3.46,3.67,3.87,4.08,4.3,4.53
Walsh, Jared,665120,LAA,108,1B,27,L,0,0.56,0.88,1.15,1.4,1.63,1.85,2.06,2.26,2.45,2.65,2.83,3.02,3.21,3.39,3.57,3.76,3.95,4.14
Ward, Taylor,621493,LAA,108,RF,27,R,0,0.57,0.89,1.15,1.39,1.61,1.82,2.01,2.2,2.38,2.56,2.74,2.92,3.1,3.27,3.45,3.62,3.78,3.96
Wendle, Joey,621563,TB,139,2B,30,L,0,0.56,0.88,1.14,1.38,1.6,1.81,2.01,2.2,2.39,2.57,2.75,2.93,3.11,3.29,3.46,3.64,3.82,4
White, Evan,657108,SEA,136,1B,24,R,0,0.57,0.91,1.17,1.42,1.64,1.85,2.05,2.24,2.43,2.61,2.8,2.98,3.15,3.32,3.5,3.67,3.85,4.03
Winker, Jesse,608385,CIN,113,DH,27,L,0,0.57,0.9,1.18,1.43,1.66,1.87,2.09,2.29,2.49,2.69,2.88,3.07,3.26,3.44,3.63,3.81,4,4.2
Wolters, Tony,547172,COL,115,C,28,L,0,0.57,0.91,1.19,1.44,1.68,1.9,2.12,2.33,2.53,2.72,2.92,3.11,3.31,3.49,3.67,3.87,4.07,4.28
Wong, Kolten,543939,STL,138,2B,30,L,0,0.55,0.85,1.11,1.35,1.57,1.78,1.98,2.17,2.35,2.54,2.72,2.9,3.07,3.25,3.44,3.62,3.8,4
Yastrzemski, Mike,573262,SF,137,RF,30,L,0,0.55,0.86,1.12,1.36,1.58,1.78,1.98,2.18,2.37,2.56,2.74,2.92,3.1,3.27,3.45,3.63,3.8,4
Yelich, Christian,592885,MIL,158,LF,29,L,0,0.53,0.85,1.11,1.34,1.56,1.77,1.96,2.16,2.35,2.53,2.71,2.88,3.06,3.23,3.4,3.58,3.76,3.94
d'Arnaud, Travis,518595,ATL,144,C,31,R,0,0.56,0.9,1.19,1.43,1.67,1.89,2.1,2.3,2.5,2.69,2.88,3.06,3.26,3.44,3.63,3.81,4.01,4.2